Minimum chunk size,Time taken
10,427.2804906759
100,426.63435481
1000,428.5230504989
10000,428.023617286
