Chunk size,Time taken
10,456.261719737
100,432.3523025929
1000,429.2004700541
10000,428.7034479701
