Chunk size,Time taken
10,473.5094381128
100,432.710348401
1000,426.361150699
10000,427.0837362141
